<?xml version="1.0" encoding="UTF-8"?>
<teamcity-plugin xmlns:xsi="http://www.w3.org/2001/XMLSchema-instance" xsi:noNamespaceSchemaLocation="urn:shemas-jetbrains-com:teamcity-plugin-v1-xml">
  <info>
    <name>ChuckTeamcityPlugin</name>
    <display-name>Chuck Norris Teamcity Plugin with internationalization</display-name>
    <version>0.6.0</version>
    <description>
      Chuck Norris will check your builds and approves or disapproves them. Supported languages: EN, RU.
    </description>
    <download-url>https://github.com/PavelKulbida/teamcity-chuck-plugin</download-url>
    <email>kulbida@hotmail.com</email>
    <vendor>
      <name>Alexey Moskvin, Kulbida Pavel</name>
    </vendor>
  </info>
  <deployment use-separate-classloader="true" />
</teamcity-plugin>
